logon,{Q8V1-M9YC08OE-8217CLWP},01/04/2010 07:30:00,ACM2278,PC-8431,Logon
logon,{N9K9-I0NN61UQ-9170UOFF},01/04/2010 17:44:00,ACM2278,PC-8431,Logoff
logon,{X6O8-L4AC69MX-2713XSFD},01/05/2010 07:30:00,ACM2278,PC-8431,Logon
logon,{O0P1-D8PM94PZ-7849GMKV},01/05/2010 11:46:48,ACM2278,PC-8431,Logon
logon,{V3E6-I4MG06DB-3518RUWF},01/05/2010 17:28:00,ACM2278,PC-8431,Logoff
logon,{H6O3-T9RA83BK-2978KQJE},01/06/2010 07:24:00,ACM2278,PC-8431,Logon
logon,{X6Q1-M9SD86AQ-0842GFKT},01/06/2010 12:22:35,ACM2278,PC-8431,Logon
logon,{U3A7-Q7GJ41TC-7121SFYQ},01/06/2010 17:34:00,ACM2278,PC-8431,Logoff
logon,{S6K7-H5IW90DJ-5104DYCM},01/07/2010 07:30:00,ACM2278,PC-8431,Logon
logon,{K8F2-A2SA38KQ-0596SMMJ},01/07/2010 12:40:01,ACM2278,PC-8431,Logon
logon,{G9U9-I8SN48WI-2219MBSJ},01/07/2010 17:29:00,ACM2278,PC-8431,Logoff
logon,{K4L5-F2UQ53JO-9858PMNT},01/08/2010 07:33:00,ACM2278,PC-8431,Logon
logon,{T3H3-W1RW62MU-0040BEGJ},01/08/2010 11:37:24,ACM2278,PC-8431,Logon
logon,{O3K9-W5HT95IQ-8905ZXQQ},01/08/2010 17:34:00,ACM2278,PC-8431,Logoff
logon,{X3M5-O4QJ86JH-7968OPXJ},01/11/2010 07:24:00,ACM2278,PC-8431,Logon
logon,{O7Q1-F3GJ88VO-3561NPSF},01/11/2010 17:38:00,ACM2278,PC-8431,Logoff
logon,{Z8H7-O6XU63NK-2519CYAW},01/12/2010 07:18:00,ACM2278,PC-8431,Logon
logon,{S2V6-J3IK57YL-6107XONB},01/12/2010 11:47:00,ACM2278,PC-8431,Logon
logon,{Y7C9-X6LL30XF-2284AHSA},01/12/2010 17:39:00,ACM2278,PC-8431,Logoff
logon,{V8K4-H2CD34MH-0313ASJL},01/13/2010 07:31:00,ACM2278,PC-8431,Logon
logon,{C3R5-E6JG75VC-8715BKRJ},01/13/2010 09:58:22,ACM2278,PC-8431,Logon
logon,{U0A7-H7NX10WR-1869PSCW},01/13/2010 17:28:00,ACM2278,PC-8431,Logoff
logon,{Q9Q8-G5MN17VB-0756BRQR},01/14/2010 07:20:00,ACM2278,PC-8431,Logon
logon,{Z3O5-L4VY82UD-7609DLLF},01/14/2010 17:44:00,ACM2278,PC-8431,Logoff
logon,{O0U0-Y6OF30OI-4537NUPO},01/15/2010 07:32:00,ACM2278,PC-8431,Logon
logon,{V4J3-N0VI17CW-7659XOPV},01/15/2010 12:12:42,ACM2278,PC-8431,Logon
logon,{U5C9-V4CM51UA-7080BNXO},01/15/2010 17:30:00,ACM2278,PC-8431,Logoff
logon,{R5X8-I0TQ25MY-6853VREY},01/18/2010 07:33:00,ACM2278,PC-8431,Logon
logon,{Z8R4-N6PA65UY-6057WSAB},01/18/2010 17:34:00,ACM2278,PC-8431,Logoff
logon,{L4N2-E4HE33GY-8223QAKP},01/19/2010 07:18:00,ACM2278,PC-8431,Logon
logon,{Q1C8-V7KR19WU-1949RJKZ},01/19/2010 13:06:32,ACM2278,PC-8431,Logon
logon,{Q6O9-O8SB82LW-1910HCAZ},01/19/2010 17:37:00,ACM2278,PC-8431,Logoff
logon,{J8S0-S1TO67UN-6315VEYB},01/20/2010 07:24:00,ACM2278,PC-8431,Logon
logon,{N6H0-W4GO15DE-5383AGEF},01/20/2010 10:13:39,ACM2278,PC-8431,Logon
logon,{N0K2-Q3GQ65TX-2559GMCD},01/20/2010 17:45:00,ACM2278,PC-8431,Logoff
logon,{K5U6-D4JP51FZ-2223TXET},01/21/2010 07:33:00,ACM2278,PC-8431,Logon
logon,{G5X9-C7FD60JR-6023EWXI},01/21/2010 12:52:58,ACM2278,PC-8431,Logon
logon,{S8T5-J2EB36FI-3120YGPH},01/21/2010 17:25:00,ACM2278,PC-8431,Logoff
logon,{P8Q6-G6QL88ML-1395TPKD},01/22/2010 07:15:00,ACM2278,PC-8431,Logon
logon,{U3X6-Y5FY86BJ-2673HYLK},01/22/2010 13:14:43,ACM2278,PC-8431,Logon
logon,{K7D2-L4PR74SK-0600WFRQ},01/22/2010 17:37:00,ACM2278,PC-8431,Logoff
logon,{J2E3-J3IF92NH-6953XWHH},01/25/2010 07:21:00,ACM2278,PC-8431,Logon
logon,{W5B2-R1LP52PS-2448EMSO},01/25/2010 12:45:57,ACM2278,PC-8431,Logon
logon,{R2N5-Z5GQ93TN-5427UHGB},01/25/2010 17:44:00,ACM2278,PC-8431,Logoff
logon,{Y8K1-V9WU20PY-8103KYEP},01/26/2010 07:33:00,ACM2278,PC-8431,Logon
logon,{I6N3-X3RS64RM-3572SLUA},01/26/2010 12:47:03,ACM2278,PC-8431,Logon
logon,{G6R9-K2BS88DI-7882BRVE},01/26/2010 17:27:00,ACM2278,PC-8431,Logoff
logon,{G8X3-T5IH65WZ-4012BEBP},01/27/2010 07:16:00,ACM2278,PC-8431,Logon
logon,{S0F8-F5BP23LF-4369QWPU},01/27/2010 17:31:00,ACM2278,PC-8431,Logoff
logon,{H4Y8-V2LA26CU-7208GHPX},01/28/2010 07:16:00,ACM2278,PC-8431,Logon
logon,{X5E7-Q7YN12HQ-6908XYIJ},01/28/2010 11:57:07,ACM2278,PC-8431,Logon
logon,{O3N9-T6BA76VG-8716IFNS},01/28/2010 17:37:00,ACM2278,PC-8431,Logoff
logon,{K8X4-T1PB61TO-4609WFTK},01/29/2010 07:34:00,ACM2278,PC-8431,Logon
logon,{S8M3-L0PI64HN-1010JOWA},01/29/2010 12:21:25,ACM2278,PC-8431,Logon
logon,{F8D3-A5MR18NT-0715KODJ},01/29/2010 17:29:00,ACM2278,PC-8431,Logoff
logon,{H5H2-Q8JU90LL-2573GVBD},02/01/2010 07:33:00,ACM2278,PC-8431,Logon
logon,{W9H9-F5DD48IH-6539AWPK},02/01/2010 12:24:00,ACM2278,PC-8431,Logon
logon,{J1A9-R3MI06SC-2122USCG},02/01/2010 17:44:00,ACM2278,PC-8431,Logoff
logon,{C5V8-T5KA77LC-5886XIMB},02/02/2010 07:33:00,ACM2278,PC-8431,Logon
logon,{U6C6-W8TV42DZ-0178ZFTH},02/02/2010 10:22:10,ACM2278,PC-8431,Logon
logon,{V6T6-Y7OZ65EK-6935YPIZ},02/02/2010 17:30:00,ACM2278,PC-8431,Logoff
logon,{H2G1-J0ML20TM-1737KRMP},02/03/2010 07:32:00,ACM2278,PC-8431,Logon
logon,{U7G9-A5KD28ML-6611RXZB},02/03/2010 12:28:38,ACM2278,PC-8431,Logon
logon,{K4V1-N2JH39DI-2673TQRQ},02/03/2010 17:26:00,ACM2278,PC-8431,Logoff
logon,{C2V6-K8XK14IS-9716YJVG},02/04/2010 07:33:00,ACM2278,PC-8431,Logon
logon,{F8W3-V3BK24BY-5614LDBK},02/04/2010 10:24:17,ACM2278,PC-8431,Logon
logon,{R6W6-V1KR02PB-4467JTKK},02/04/2010 17:27:00,ACM2278,PC-8431,Logoff
logon,{M5L5-H4KS17AS-0624ISIS},02/05/2010 07:19:00,ACM2278,PC-8431,Logon
logon,{U7R1-X2IO32QI-4984GXOH},02/05/2010 17:28:00,ACM2278,PC-8431,Logoff
logon,{V2P6-H1OD41BF-5996IRNT},02/08/2010 07:30:00,ACM2278,PC-8431,Logon
logon,{T5A8-Z6AH98KP-4320LJII},02/08/2010 12:14:33,ACM2278,PC-8431,Logon
logon,{U4Z8-F9DS72JX-8000NZQX},02/08/2010 17:29:00,ACM2278,PC-8431,Logoff
logon,{G4L4-D8LZ46OZ-5925AEJT},02/09/2010 07:32:00,ACM2278,PC-8431,Logon
logon,{V6X8-G7DD68ER-2389YHSA},02/09/2010 12:23:52,ACM2278,PC-8431,Logon
logon,{E9F0-F2ID64PG-4467SSFM},02/09/2010 17:26:00,ACM2278,PC-8431,Logoff
logon,{R4L3-A9TB76XJ-7045OGTQ},02/10/2010 07:35:00,ACM2278,PC-8431,Logon
logon,{B1G0-U1QG16RW-0310TQEU},02/10/2010 12:32:20,ACM2278,PC-8431,Logon
logon,{D6B8-S5EX87KZ-1377WQKQ},02/10/2010 17:29:00,ACM2278,PC-8431,Logoff
logon,{X2S6-P3WF08GX-0884YLJZ},02/11/2010 07:23:00,ACM2278,PC-8431,Logon
logon,{H7L2-E4WO14ER-0609IJNC},02/11/2010 17:35:00,ACM2278,PC-8431,Logoff
logon,{U5M2-J8ZM25LG-5578HHRB},02/12/2010 07:35:00,ACM2278,PC-8431,Logon
logon,{T7R4-Y6RS80PE-3223ZJYW},02/12/2010 11:41:16,ACM2278,PC-8431,Logon
logon,{K6I1-I5JZ56LE-4287MOTC},02/12/2010 17:29:00,ACM2278,PC-8431,Logoff
logon,{W6W9-S4NN75UF-5880GOLR},02/15/2010 07:28:00,ACM2278,PC-8431,Logon
logon,{X1D7-S2ZY52MI-1348AAVE},02/15/2010 17:41:00,ACM2278,PC-8431,Logoff
logon,{Z7Y9-X7PJ38CX-0978YXDP},02/16/2010 07:35:00,ACM2278,PC-8431,Logon
logon,{V1X2-H1TM05FJ-9242PXCT},02/16/2010 13:22:25,ACM2278,PC-8431,Logon
logon,{J1O7-I7CZ12WK-1937LAGZ},02/16/2010 17:30:00,ACM2278,PC-8431,Logoff
logon,{L9Z7-S9GN85QZ-3280ENZE},02/17/2010 07:15:00,ACM2278,PC-8431,Logon
logon,{L4E7-U7VL66PD-0514DMRV},02/17/2010 12:18:23,ACM2278,PC-8431,Logon
logon,{K7H9-Y5PN83EN-7447OXHN},02/17/2010 17:44:00,ACM2278,PC-8431,Logoff
logon,{W6S1-H1RL21TY-5900TFSD},02/18/2010 07:19:00,ACM2278,PC-8431,Logon
logon,{O0I6-Y8QU94QJ-0405USNB},02/18/2010 12:23:39,ACM2278,PC-8431,Logon
logon,{I8B2-X4OQ29SX-4022BLJU},02/18/2010 17:34:00,ACM2278,PC-8431,Logoff
logon,{K5G0-A6BS78FU-0269BQRZ},02/19/2010 07:27:00,ACM2278,PC-8431,Logon
logon,{B0K6-P4SO25CK-7103HCER},02/19/2010 17:35:00,ACM2278,PC-8431,Logoff
logon,{S2V3-F0FR47YI-5119QOAO},02/22/2010 07:27:00,ACM2278,PC-8431,Logon
logon,{S7K2-G5YR96HH-7934EFGZ},02/22/2010 13:22:22,ACM2278,PC-8431,Logon
logon,{A9A0-Q1BB02IG-0117XCKR},02/22/2010 17:25:00,ACM2278,PC-8431,Logoff
logon,{W0T6-K5BP91VQ-0018KYMJ},02/23/2010 07:28:00,ACM2278,PC-8431,Logon
logon,{K0M1-R9VQ53XQ-2843FXPO},02/23/2010 17:30:00,ACM2278,PC-8431,Logoff
logon,{J6Z7-K4FN72HM-4212HIBB},02/24/2010 07:30:00,ACM2278,PC-8431,Logon
logon,{Q0U5-H4IN95ZF-4315MJWG},02/24/2010 13:18:33,ACM2278,PC-8431,Logon
logon,{E8B0-W2MH13QQ-8100JZUX},02/24/2010 17:25:00,ACM2278,PC-8431,Logoff
logon,{R7E2-Y6VP78UZ-6423FPLP},02/25/2010 07:34:00,ACM2278,PC-8431,Logon
logon,{D3I2-U3VR80KY-5255USLO},02/25/2010 13:04:01,ACM2278,PC-8431,Logon
logon,{Z5D4-P8WG54NK-2005QQGH},02/25/2010 17:30:00,ACM2278,PC-8431,Logoff
logon,{B3Q7-Q2JG98MT-2805HIJG},02/26/2010 07:19:00,ACM2278,PC-8431,Logon
logon,{N5F9-L9SF04MB-1287AWRA},02/26/2010 12:07:40,ACM2278,PC-8431,Logon
logon,{T1O3-P4FV24DD-1482OTEZ},02/26/2010 17:38:00,ACM2278,PC-8431,Logoff
logon,{D3M2-Z7EX99DD-3841GIPH},03/01/2010 07:19:00,ACM2278,PC-8431,Logon
logon,{H6D2-F7VU89FC-4665FEZH},03/01/2010 17:41:00,ACM2278,PC-8431,Logoff
logon,{E8N1-B6ID98RH-4002MTZB},03/02/2010 07:32:00,ACM2278,PC-8431,Logon
logon,{H4N7-Q5FD78SY-9306OJOW},03/02/2010 12:48:47,ACM2278,PC-8431,Logon
logon,{O0P5-G7SE94VC-9502CXJO},03/02/2010 17:27:00,ACM2278,PC-8431,Logoff
logon,{M0M2-D2WP00KY-9347OISA},03/03/2010 07:31:00,ACM2278,PC-8431,Logon
logon,{D3Z5-U5HK22OE-2473AAHQ},03/03/2010 12:08:59,ACM2278,PC-8431,Logon
logon,{D8F5-P6CS22XU-4134HTAR},03/03/2010 17:29:00,ACM2278,PC-8431,Logoff
logon,{B2Q9-X7TZ67LN-6012YKLH},03/04/2010 07:35:00,ACM2278,PC-8431,Logon
logon,{T0E7-J7LN57JK-2826ZJPB},03/04/2010 17:30:00,ACM2278,PC-8431,Logoff
logon,{O0B0-E7MX03YI-5168CFAY},03/05/2010 07:35:00,ACM2278,PC-8431,Logon
logon,{B5K9-Z7HJ63EF-4604IDMQ},03/05/2010 11:46:32,ACM2278,PC-8431,Logon
logon,{N9R1-K6EN61HU-4249MXZU},03/05/2010 17:27:00,ACM2278,PC-8431,Logoff
logon,{C3T9-Y5RO58BQ-6903DQAM},03/08/2010 07:32:00,ACM2278,PC-8431,Logon
logon,{O3P2-L0JB67BS-9914TIIA},03/08/2010 13:25:34,ACM2278,PC-8431,Logon
logon,{T5H3-S2PL83OV-9541LJIM},03/08/2010 17:30:00,ACM2278,PC-8431,Logoff
logon,{F7K2-A7EY09GG-7422EBZH},03/09/2010 07:27:00,ACM2278,PC-8431,Logon
logon,{T8P3-I0PI70AM-2611HZCF},03/09/2010 11:36:08,ACM2278,PC-8431,Logon
logon,{H5Q9-G6ZI63UN-9883BLCY},03/09/2010 17:44:00,ACM2278,PC-8431,Logoff
logon,{J2G8-V2LX26EQ-0255FJHX},03/10/2010 07:23:00,ACM2278,PC-8431,Logon
logon,{B4M6-I6BW86VS-1516AMBJ},03/10/2010 17:45:00,ACM2278,PC-8431,Logoff
logon,{X7C3-B8OI30HG-4070KQUR},03/11/2010 07:32:00,ACM2278,PC-8431,Logon
logon,{T0Q8-P4AX18FZ-8395WQSS},03/11/2010 12:42:51,ACM2278,PC-8431,Logon
logon,{A4R6-N1RV94BX-7475VVZT},03/11/2010 17:40:00,ACM2278,PC-8431,Logoff
logon,{T5B2-X8UM39JO-3142SNEW},03/12/2010 07:27:00,ACM2278,PC-8431,Logon
logon,{T1Z9-Y3IR84MM-4596XLDM},03/12/2010 12:06:13,ACM2278,PC-8431,Logon
logon,{W9D5-Z5KW98KF-0877FFBI},03/12/2010 17:39:00,ACM2278,PC-8431,Logoff
logon,{O9Y3-T3KM99GF-2100AKHL},03/15/2010 07:28:00,ACM2278,PC-8431,Logon
logon,{M9O9-M6AS51TW-4938LELJ},03/15/2010 09:50:11,ACM2278,PC-8431,Logon
logon,{B9H6-A5PX51SS-9330KGVI},03/15/2010 17:31:00,ACM2278,PC-8431,Logoff
logon,{G3Q7-U7XU64SN-0117GAVC},03/16/2010 07:30:00,ACM2278,PC-8431,Logon
logon,{D6K3-A0TN87SM-7759HSMG},03/16/2010 12:08:57,ACM2278,PC-8431,Logon
logon,{Y9Q6-F4TR19HI-0811ZCXH},03/16/2010 17:29:00,ACM2278,PC-8431,Logoff
logon,{Z5Y4-V5QM88WH-8324XVYV},03/17/2010 07:31:00,ACM2278,PC-8431,Logon
logon,{F2F4-O8RB11OK-8662FUNZ},03/17/2010 11:00:15,ACM2278,PC-8431,Logon
logon,{Q0H9-A3VP10CI-6486SUNX},03/17/2010 17:45:00,ACM2278,PC-8431,Logoff
logon,{Z4D6-Z4CR30PE-8575QQSR},03/18/2010 07:25:00,ACM2278,PC-8431,Logon
logon,{I2A9-C4XN07DY-4371AZEC},03/18/2010 17:43:00,ACM2278,PC-8431,Logoff
logon,{J6Q1-O7JX47QE-8954MJTU},03/19/2010 07:32:00,ACM2278,PC-8431,Logon
logon,{D1L5-X6JN45TH-6658EKRJ},03/19/2010 13:09:47,ACM2278,PC-8431,Logon
logon,{C5Y0-L6WG70CW-8340STQM},03/19/2010 17:26:00,ACM2278,PC-8431,Logoff
logon,{Q2P4-S8NA19WI-5601DQJF},03/22/2010 07:17:00,ACM2278,PC-8431,Logon
logon,{F9T9-T3GV81GA-3567HXUJ},03/22/2010 13:07:57,ACM2278,PC-8431,Logon
logon,{P2X7-C0AI68TV-0124VESL},03/22/2010 17:44:00,ACM2278,PC-8431,Logoff
logon,{H1K6-T6QL00HR-3146VQUR},03/23/2010 07:30:00,ACM2278,PC-8431,Logon
logon,{S5X2-T2JH28WZ-1661AWIY},03/23/2010 12:44:28,ACM2278,PC-8431,Logon
logon,{A2U7-J0DK05HH-6608WQOG},03/23/2010 17:28:00,ACM2278,PC-8431,Logoff
logon,{X7K2-J0ON10GP-1513QMLP},03/24/2010 07:15:00,ACM2278,PC-8431,Logon
logon,{D3V1-K8KF56HW-6000SPBT},03/24/2010 12:48:21,ACM2278,PC-8431,Logon
logon,{C6Y4-S0ZE41WN-4278YCUT},03/24/2010 17:38:00,ACM2278,PC-8431,Logoff
logon,{U8N2-X3ZD15LM-5518KPZV},03/25/2010 07:32:00,ACM2278,PC-8431,Logon
logon,{L2Z8-T4KJ65ZD-8392TZFU},03/25/2010 12:42:14,ACM2278,PC-8431,Logon
logon,{J5E2-G7YP87BM-5014RZIV},03/25/2010 17:26:00,ACM2278,PC-8431,Logoff
logon,{R4W1-M7YH64SV-6719MDTK},03/26/2010 07:17:00,ACM2278,PC-8431,Logon
logon,{Y0Y4-Y3LO41QN-9404RXLI},03/26/2010 12:49:18,ACM2278,PC-8431,Logon
logon,{O0U6-B5HY52AJ-6937EHQF},03/26/2010 17:31:00,ACM2278,PC-8431,Logoff
logon,{Q8V2-F8GJ70WN-1306YETJ},03/29/2010 07:23:00,ACM2278,PC-8431,Logon
logon,{T3Y8-O6JR69QP-2183ULEF},03/29/2010 12:44:56,ACM2278,PC-8431,Logon
logon,{L6F4-V3SA36SF-7989UREI},03/29/2010 17:44:00,ACM2278,PC-8431,Logoff
logon,{T9G2-A9CO91DA-9063SULV},03/30/2010 07:32:00,ACM2278,PC-8431,Logon
logon,{A4H9-O5LB38SS-5149XCJL},03/30/2010 10:33:13,ACM2278,PC-8431,Logon
logon,{J9T3-J9HU20PU-6100JXKA},03/30/2010 17:29:00,ACM2278,PC-8431,Logoff
logon,{U5R4-U7SC66HH-9300SAPS},03/31/2010 07:20:00,ACM2278,PC-8431,Logon
logon,{F2J1-H1JA54NT-4304SALU},03/31/2010 10:32:47,ACM2278,PC-8431,Logon
logon,{X5Q9-C8JC20AI-9061XKSM},03/31/2010 17:27:00,ACM2278,PC-8431,Logoff
logon,{T3E2-S5JJ31KZ-4345IGRL},04/01/2010 07:15:00,ACM2278,PC-8431,Logon
logon,{J5J3-T2XO32XA-0654YPBG},04/01/2010 12:13:26,ACM2278,PC-8431,Logon
logon,{F7S7-B8VE62UP-4762TQXN},04/01/2010 17:45:00,ACM2278,PC-8431,Logoff
logon,{L5S4-P4BK69YL-9809OSGS},04/05/2010 07:25:00,ACM2278,PC-8431,Logon
logon,{L4H6-H7MF07EZ-6779GBDA},04/05/2010 17:43:00,ACM2278,PC-8431,Logoff
logon,{I8U5-Q2LI98XK-9252HJPY},04/06/2010 07:24:00,ACM2278,PC-8431,Logon
logon,{Q8R2-C7SO31JS-9310IHCT},04/06/2010 17:28:00,ACM2278,PC-8431,Logoff
logon,{O2E0-V3WX79VB-3552GUIT},04/07/2010 07:22:00,ACM2278,PC-8431,Logon
logon,{Q1T1-J1MO40CH-3697BMET},04/07/2010 12:16:55,ACM2278,PC-8431,Logon
logon,{A2L2-E3PM74IG-2115QQFU},04/07/2010 17:44:00,ACM2278,PC-8431,Logoff
logon,{W4M4-S2YV67BS-9223CWUQ},04/08/2010 07:31:00,ACM2278,PC-8431,Logon
logon,{C7P2-E4PJ23SI-5015XOWV},04/08/2010 12:45:01,ACM2278,PC-8431,Logon
logon,{D1E9-J0MM48IW-6284FOPB},04/08/2010 17:30:00,ACM2278,PC-8431,Logoff
logon,{O0E7-H4FP53DQ-9477KFEZ},04/09/2010 07:34:00,ACM2278,PC-8431,Logon
logon,{R4J9-K2XM94OP-1470NFPC},04/09/2010 11:09:12,ACM2278,PC-8431,Logon
logon,{V4A6-Z6QF62VX-5859CRQU},04/09/2010 17:28:00,ACM2278,PC-8431,Logoff
logon,{B2L9-H0NJ43ME-6610HVLY},04/12/2010 07:19:00,ACM2278,PC-8431,Logon
logon,{S8H9-H9ID91BF-3958HKLA},04/12/2010 17:35:00,ACM2278,PC-8431,Logoff
logon,{H2R0-H1BJ27OQ-9223BFKV},04/13/2010 07:20:00,ACM2278,PC-8431,Logon
logon,{I1X0-E9JZ04IQ-9793TMWG},04/13/2010 12:12:10,ACM2278,PC-8431,Logon
logon,{V9L1-C2SY72PB-0864FMKV},04/13/2010 17:32:00,ACM2278,PC-8431,Logoff
logon,{J8Y8-X9WK31PD-4563ITBF},04/14/2010 07:27:00,ACM2278,PC-8431,Logon
logon,{J0N7-A5HR75YL-0507LHFK},04/14/2010 11:22:42,ACM2278,PC-8431,Logon
logon,{E9I5-U2ME86AF-6602JAOX},04/14/2010 17:38:00,ACM2278,PC-8431,Logoff
logon,{U6N2-T9MO45OQ-9659MLIJ},04/15/2010 07:35:00,ACM2278,PC-8431,Logon
logon,{T7S9-T0HX98QU-0014YJPC},04/15/2010 11:54:22,ACM2278,PC-8431,Logon
logon,{I1V5-C4YU76NV-6456TQPX},04/15/2010 17:26:00,ACM2278,PC-8431,Logoff
logon,{E3J6-B3GQ11ZX-2269RJGA},04/16/2010 07:18:00,ACM2278,PC-8431,Logon
logon,{J5K7-M2IT93FF-7522RTCU},04/16/2010 12:26:14,ACM2278,PC-8431,Logon
logon,{C3F6-C6DM24AO-3306ZGBJ},04/16/2010 17:43:00,ACM2278,PC-8431,Logoff
logon,{O9C2-J9EL72ZY-0133HRDR},04/19/2010 07:16:00,ACM2278,PC-8431,Logon
logon,{H3T8-O4RU28KS-7483GVWV},04/19/2010 12:27:51,ACM2278,PC-8431,Logon
logon,{G8W9-V1IU71KS-7432KNSQ},04/19/2010 17:44:00,ACM2278,PC-8431,Logoff
logon,{G7M2-L5OT27XJ-8649BPZN},04/20/2010 07:32:00,ACM2278,PC-8431,Logon
logon,{G9I6-G8QO32YA-5192BWUH},04/20/2010 12:03:25,ACM2278,PC-8431,Logon
logon,{I2U3-O6BI42HW-7523BRQP},04/20/2010 17:25:00,ACM2278,PC-8431,Logoff
logon,{C8A3-E5GO62AT-8805ICDW},04/21/2010 07:30:00,ACM2278,PC-8431,Logon
logon,{X4X5-A7GX58OX-1522ZKLE},04/21/2010 11:25:24,ACM2278,PC-8431,Logon
logon,{N7O3-J8MG64WD-4986OBWB},04/21/2010 17:43:00,ACM2278,PC-8431,Logoff
logon,{M0G3-D1QE35TL-9968JDYH},04/22/2010 07:30:00,ACM2278,PC-8431,Logon
logon,{I4U6-P7GZ34NF-0289TIIT},04/22/2010 13:20:49,ACM2278,PC-8431,Logon
logon,{L9H4-B1BB59JY-1241PDYJ},04/22/2010 17:28:00,ACM2278,PC-8431,Logoff
logon,{T0U7-J9NB04QA-9844UPJT},04/23/2010 07:30:00,ACM2278,PC-8431,Logon
logon,{M0J6-M5GD64SE-0040NROV},04/23/2010 12:56:31,ACM2278,PC-8431,Logon
logon,{M6B7-F3TK30DK-0903EVQE},04/23/2010 17:30:00,ACM2278,PC-8431,Logoff
logon,{O5I3-C5EQ23BD-5256PEJW},04/26/2010 07:26:00,ACM2278,PC-8431,Logon
logon,{C3L6-Z1KV36WP-4729JYET},04/26/2010 13:24:51,ACM2278,PC-8431,Logon
logon,{F8V2-E1OH44WY-8471CCXL},04/26/2010 17:29:00,ACM2278,PC-8431,Logoff
logon,{A0Y2-Y4LH11VB-8417GQOF},04/27/2010 07:15:00,ACM2278,PC-8431,Logon
logon,{H6Z0-U2SM92GZ-4713EKXN},04/27/2010 17:31:00,ACM2278,PC-8431,Logoff
logon,{V0M5-H7CP15VM-1705NFDQ},04/28/2010 07:17:00,ACM2278,PC-8431,Logon
logon,{D6B4-E4PS31CK-7162BGYR},04/28/2010 12:41:29,ACM2278,PC-8431,Logon
logon,{Y9N6-A7FJ93UG-1911UIJE},04/28/2010 17:29:00,ACM2278,PC-8431,Logoff
logon,{J4K3-B9LG85UE-2018YXYN},04/29/2010 07:32:00,ACM2278,PC-8431,Logon
logon,{P1B3-M7PJ04PP-0418NQGH},04/29/2010 12:18:27,ACM2278,PC-8431,Logon
logon,{R6E3-O2UI52ZC-2642QAWP},04/29/2010 17:28:00,ACM2278,PC-8431,Logoff
logon,{X4T1-E8AQ88PU-1204IWQF},04/30/2010 07:16:00,ACM2278,PC-8431,Logon
logon,{I5Q2-V0OG80SP-5049MLLK},04/30/2010 17:45:00,ACM2278,PC-8431,Logoff
logon,{P6X1-Y0DW09WK-3513KHON},05/03/2010 07:30:00,ACM2278,PC-8431,Logon
logon,{F1R1-Y4RE83OG-5033ELAL},05/03/2010 12:56:57,ACM2278,PC-8431,Logon
logon,{D6R9-F9KU64XZ-2090TWVX},05/03/2010 17:26:00,ACM2278,PC-8431,Logoff
logon,{Q9W3-D2CN54NP-2369SFLC},05/04/2010 07:30:00,ACM2278,PC-8431,Logon
logon,{L4A5-S5SB26KC-1851ITIM},05/04/2010 13:02:51,ACM2278,PC-8431,Logon
logon,{H4Q3-Z3PP88FT-0783IRGU},05/04/2010 17:26:00,ACM2278,PC-8431,Logoff
logon,{I5V9-R6CL40EM-5053AGFQ},05/05/2010 07:33:00,ACM2278,PC-8431,Logon
logon,{O0V3-X7NS50HB-9346CARB},05/05/2010 12:11:02,ACM2278,PC-8431,Logon
logon,{X2E9-N2XH01NV-8196AXKP},05/05/2010 17:25:00,ACM2278,PC-8431,Logoff
logon,{N4D6-M2JL36MQ-5362JMCW},05/06/2010 07:31:00,ACM2278,PC-8431,Logon
logon,{L2F7-P3DZ33OW-0401XBQJ},05/06/2010 10:52:37,ACM2278,PC-8431,Logon
logon,{H5M9-T4GR16IX-7151MYVQ},05/06/2010 17:30:00,ACM2278,PC-8431,Logoff
logon,{S7P5-X9OO81EQ-8110ZWCN},05/07/2010 07:29:00,ACM2278,PC-8431,Logon
logon,{O6Z0-R1RK82ZL-8039CPOT},05/07/2010 13:21:04,ACM2278,PC-8431,Logon
logon,{D4R3-Q1RZ94ST-7025QQNH},05/07/2010 17:45:00,ACM2278,PC-8431,Logoff
logon,{X4H2-E5OT65ZZ-3603JLYS},05/10/2010 07:30:00,ACM2278,PC-8431,Logon
logon,{P8A6-T6OX99LT-2960CXFX},05/10/2010 12:53:22,ACM2278,PC-8431,Logon
logon,{G1B5-N8CG56GW-7953NZKD},05/10/2010 17:27:00,ACM2278,PC-8431,Logoff
logon,{I7Q0-B3RS96QM-9281LQNH},05/11/2010 07:18:00,ACM2278,PC-8431,Logon
logon,{I5M4-L3OR86LU-5399MYRG},05/11/2010 11:14:42,ACM2278,PC-8431,Logon
logon,{M5Q0-J2SH54GX-2720AWRC},05/11/2010 17:33:00,ACM2278,PC-8431,Logoff
logon,{V6M8-Z6PS68FX-2907GPTE},05/12/2010 07:27:00,ACM2278,PC-8431,Logon
logon,{A6C4-D0FX82KH-3767CXCM},05/12/2010 13:05:41,ACM2278,PC-8431,Logon
logon,{T3N8-J7KW94VX-5764KAIM},05/12/2010 17:37:00,ACM2278,PC-8431,Logoff
logon,{W7Y0-Z0FW20WS-8537XMPE},05/13/2010 07:24:00,ACM2278,PC-8431,Logon
logon,{J9R7-P6RY37EH-3508UYUH},05/13/2010 13:21:23,ACM2278,PC-8431,Logon
logon,{M1R8-Q0ON45TR-4157WBQD},05/13/2010 17:45:00,ACM2278,PC-8431,Logoff
logon,{U9S6-O4LT23CE-2721FFHJ},05/14/2010 07:15:00,ACM2278,PC-8431,Logon
logon,{G3E6-E7EC52CN-4445KBJD},05/14/2010 11:13:53,ACM2278,PC-8431,Logon
logon,{H5H0-R0FV39HX-5160PWJY},05/14/2010 17:32:00,ACM2278,PC-8431,Logoff
logon,{M8S5-T1WH48UO-2890PHHG},05/17/2010 07:31:00,ACM2278,PC-8431,Logon
logon,{W3A6-L3NX57AL-2370GHPY},05/17/2010 12:33:24,ACM2278,PC-8431,Logon
logon,{B6J9-S8DU20OE-3120WWIV},05/17/2010 17:33:00,ACM2278,PC-8431,Logoff
logon,{Q7G2-H0KX63GQ-8385LDQC},05/18/2010 07:30:00,ACM2278,PC-8431,Logon
logon,{T6U8-Y9QV78FG-6310VZMY},05/18/2010 11:58:34,ACM2278,PC-8431,Logon
logon,{X7H4-F1JO34BZ-6809XFJA},05/18/2010 17:30:00,ACM2278,PC-8431,Logoff
logon,{L5R8-B4KR41XU-5122LDJU},05/19/2010 07:33:00,ACM2278,PC-8431,Logon
logon,{I2B5-G4UP79TR-3462XVBZ},05/19/2010 11:48:43,ACM2278,PC-8431,Logon
logon,{V3V3-K8OW59LP-1358ZEOS},05/19/2010 17:27:00,ACM2278,PC-8431,Logoff
logon,{N1P0-K8MU21TM-4905LLXH},05/20/2010 07:24:00,ACM2278,PC-8431,Logon
logon,{N1X8-G7EV51CM-8924RXTP},05/20/2010 17:36:00,ACM2278,PC-8431,Logoff
logon,{P7Z3-B1PX25HM-3122OABU},05/21/2010 07:27:00,ACM2278,PC-8431,Logon
logon,{R6O9-G2HC63EU-8038UXYC},05/21/2010 11:14:21,ACM2278,PC-8431,Logon
logon,{C9V5-N0CH55BI-8749IZVD},05/21/2010 17:30:00,ACM2278,PC-8431,Logoff
logon,{O3G9-J7LY98YB-7002XJYI},05/24/2010 07:21:00,ACM2278,PC-8431,Logon
logon,{C0D2-B9UQ19DL-4012TSZS},05/24/2010 11:29:23,ACM2278,PC-8431,Logon
logon,{U5T8-E7VJ79WP-4977EYDB},05/24/2010 17:32:00,ACM2278,PC-8431,Logoff
logon,{C3L8-G0LX89JJ-5659VPBE},05/25/2010 07:30:00,ACM2278,PC-8431,Logon
logon,{M6F2-Y8XA08IE-8948CDWS},05/25/2010 12:13:49,ACM2278,PC-8431,Logon
logon,{L3O9-E6BV08EB-5668BAJV},05/25/2010 17:27:00,ACM2278,PC-8431,Logoff
logon,{K6K0-Z3GZ24MN-4814CWKK},05/26/2010 07:32:00,ACM2278,PC-8431,Logon
logon,{U8M7-Y9EX24SV-7559XJJS},05/26/2010 12:14:00,ACM2278,PC-8431,Logon
logon,{Z1V4-U1JB64FX-5207CWDQ},05/26/2010 17:27:00,ACM2278,PC-8431,Logoff
logon,{U0Y7-O2UD37KG-0647WGRA},05/27/2010 07:29:00,ACM2278,PC-8431,Logon
logon,{P2J9-V2GR46NM-4051YQQK},05/27/2010 17:30:00,ACM2278,PC-8431,Logoff
logon,{T9C9-Z5OG92HK-9100XQXD},05/28/2010 07:24:00,ACM2278,PC-8431,Logon
logon,{G4G5-G8NH58DV-0419RITZ},05/28/2010 12:39:09,ACM2278,PC-8431,Logon
logon,{L7Q9-L6CH33MX-0530ETTO},05/28/2010 17:39:00,ACM2278,PC-8431,Logoff
logon,{R4U2-R2IP83FE-0791LWVL},06/01/2010 07:15:00,ACM2278,PC-8431,Logon
logon,{O4J7-G7BQ89TT-1747DBRR},06/01/2010 12:24:07,ACM2278,PC-8431,Logon
logon,{M3Y2-G0EY49GN-8207ENJG},06/01/2010 17:27:00,ACM2278,PC-8431,Logoff
logon,{C6Z4-I0GR24CX-3533PZLA},06/02/2010 07:20:00,ACM2278,PC-8431,Logon
logon,{D2J2-C7BL56YR-5030BYYP},06/02/2010 10:48:20,ACM2278,PC-8431,Logon
logon,{Y7C6-O1FH41EF-0711YTSA},06/02/2010 17:45:00,ACM2278,PC-8431,Logoff
logon,{B7F0-Q9GG88EA-3894STJY},06/03/2010 07:17:00,ACM2278,PC-8431,Logon
logon,{C7H8-T1TO66WV-1917ONJO},06/03/2010 12:48:08,ACM2278,PC-8431,Logon
logon,{N3L9-G3MJ24IJ-3782BSET},06/03/2010 17:30:00,ACM2278,PC-8431,Logoff
logon,{E3J8-C8MT99OY-8476XXPX},06/04/2010 07:28:00,ACM2278,PC-8431,Logon
logon,{F8X2-W4WH01EA-6565YBTK},06/04/2010 13:20:40,ACM2278,PC-8431,Logon
logon,{Y8F8-T6IJ89HX-2990YXWI},06/04/2010 17:34:00,ACM2278,PC-8431,Logoff
logon,{O9L8-Y4BZ05KU-1666QWFV},06/07/2010 07:22:00,ACM2278,PC-8431,Logon
logon,{T1G9-C1YW21CV-5646WQVL},06/07/2010 17:35:00,ACM2278,PC-8431,Logoff
logon,{W6P9-N1YJ33RQ-1623ZPBW},06/08/2010 07:34:00,ACM2278,PC-8431,Logon
logon,{H5A9-I2SU86DA-3144SDUV},06/08/2010 09:55:48,ACM2278,PC-8431,Logon
logon,{F7K7-X1IN62DH-0007VFJB},06/08/2010 17:28:00,ACM2278,PC-8431,Logoff
logon,{N4W2-R9FL45RV-9498KSAO},06/09/2010 07:25:00,ACM2278,PC-8431,Logon
logon,{V4S9-M8ZU17TL-6083NAHS},06/09/2010 12:58:29,ACM2278,PC-8431,Logon
logon,{V8J1-K7YZ09RJ-9016CUXY},06/09/2010 17:43:00,ACM2278,PC-8431,Logoff
logon,{S1E3-A1ZA86TR-3190BCFD},06/10/2010 07:19:00,ACM2278,PC-8431,Logon
logon,{A2R6-M9WF84WJ-9072ORXJ},06/10/2010 17:35:00,ACM2278,PC-8431,Logoff
logon,{V3X7-Z1OJ43EJ-8005OJBL},06/11/2010 07:35:00,ACM2278,PC-8431,Logon
logon,{J5H7-C3NT54MK-7004SFQY},06/11/2010 10:54:50,ACM2278,PC-8431,Logon
logon,{J9E8-D3MP32HY-9032ENIR},06/11/2010 17:26:00,ACM2278,PC-8431,Logoff
logon,{S2H3-I7SF05TK-6699YAXE},06/14/2010 07:17:00,ACM2278,PC-8431,Logon
logon,{X4P6-W4HR92QJ-8044RKYQ},06/14/2010 17:31:00,ACM2278,PC-8431,Logoff
logon,{P7Q0-Z8XM07KE-6182PTNT},06/15/2010 07:24:00,ACM2278,PC-8431,Logon
logon,{S0T4-D5OB51WW-4513IGZP},06/15/2010 12:32:21,ACM2278,PC-8431,Logon
logon,{Q1K0-T7YM61ER-7964SBCE},06/15/2010 17:40:00,ACM2278,PC-8431,Logoff
logon,{G7B8-J5SK13SJ-5306AGVY},06/16/2010 07:30:00,ACM2278,PC-8431,Logon
logon,{J3Y8-F5TL25KS-7002MBNW},06/16/2010 10:00:05,ACM2278,PC-8431,Logon
logon,{Z1P7-T4AQ56CP-0991THTX},06/16/2010 17:27:00,ACM2278,PC-8431,Logoff
logon,{O4X8-F6TX54FB-0435UYGN},06/17/2010 07:32:00,ACM2278,PC-8431,Logon
logon,{W2T4-Z0SK61ZY-3128VJON},06/17/2010 13:16:22,ACM2278,PC-8431,Logon
logon,{Y9B0-A2UA79ME-7134SIXQ},06/17/2010 17:27:00,ACM2278,PC-8431,Logoff
logon,{U1T1-A2PH53UN-5501EBSW},06/18/2010 07:32:00,ACM2278,PC-8431,Logon
logon,{L1I1-W2CQ06YU-6263FTAL},06/18/2010 10:03:03,ACM2278,PC-8431,Logon
logon,{G2Q9-R1FO71NR-5988QLZD},06/18/2010 17:25:00,ACM2278,PC-8431,Logoff
logon,{V0K4-M8GU53FN-9115KDEA},06/21/2010 07:34:00,ACM2278,PC-8431,Logon
logon,{C5D2-W3OJ10VK-7183PKOP},06/21/2010 12:58:07,ACM2278,PC-8431,Logon
logon,{C1K1-D8AE17IF-5612VFBH},06/21/2010 17:39:00,ACM2278,PC-8431,Logoff
logon,{B3K5-T3TW88NT-8640IHHR},06/22/2010 07:15:00,ACM2278,PC-8431,Logon
logon,{U8W1-S5MA76OJ-5002HOFB},06/22/2010 17:34:00,ACM2278,PC-8431,Logoff
logon,{Q4L5-S4NJ61LP-5491GBBC},06/23/2010 07:24:00,ACM2278,PC-8431,Logon
logon,{Q8J6-N2NV01ZI-8733UQHU},06/23/2010 17:33:00,ACM2278,PC-8431,Logoff
logon,{T9N5-L8NL46DJ-1856GVEB},06/24/2010 07:34:00,ACM2278,PC-8431,Logon
logon,{W9O5-T6OV36DJ-6921FBFK},06/24/2010 12:02:34,ACM2278,PC-8431,Logon
logon,{O8W6-C1SS06WR-1132UKZD},06/24/2010 17:25:00,ACM2278,PC-8431,Logoff
logon,{C3B3-C3HT33CE-6845DCQA},06/25/2010 07:24:00,ACM2278,PC-8431,Logon
logon,{E4M2-W0GZ78TE-9119JOJH},06/25/2010 12:17:56,ACM2278,PC-8431,Logon
logon,{T0B8-O1KO38BJ-0061XMMB},06/25/2010 17:39:00,ACM2278,PC-8431,Logoff
logon,{O0Z3-Q3YH17GC-8877VOJK},06/28/2010 07:15:00,ACM2278,PC-8431,Logon
logon,{Q9F7-G2DC17IJ-8618CCNA},06/28/2010 17:42:00,ACM2278,PC-8431,Logoff
logon,{J6P8-Z8GV78RK-3894WNXS},06/29/2010 07:32:00,ACM2278,PC-8431,Logon
logon,{O7K5-L9TU09WF-8960ZMEG},06/29/2010 11:15:35,ACM2278,PC-8431,Logon
logon,{U9F4-Q2FL17HE-5097DWQA},06/29/2010 17:26:00,ACM2278,PC-8431,Logoff
logon,{T8D2-L6YN13IF-9877OBCR},06/30/2010 07:34:00,ACM2278,PC-8431,Logon
logon,{D8Z2-J4BH05XI-6591YPJA},06/30/2010 10:51:10,ACM2278,PC-8431,Logon
logon,{A3K3-Q2ZF68ZB-5889MDXB},06/30/2010 17:27:00,ACM2278,PC-8431,Logoff
logon,{N2R0-I1WA77FD-7073KVRA},07/01/2010 07:22:00,ACM2278,PC-8431,Logon
logon,{N1X6-C0LF84DU-2214NDHY},07/01/2010 13:13:03,ACM2278,PC-8431,Logon
logon,{B8S9-F5GD16KF-3902TOJW},07/01/2010 17:39:00,ACM2278,PC-8431,Logoff
logon,{B8Y1-O4XN80DD-0218CKYY},07/02/2010 07:25:00,ACM2278,PC-8431,Logon
logon,{R3O0-L4DX24ZM-3963HFKD},07/02/2010 17:42:00,ACM2278,PC-8431,Logoff
logon,{S8H0-N8HH19PQ-8105WFKM},07/06/2010 07:25:00,ACM2278,PC-8431,Logon
logon,{S5Y8-A9RZ90GW-9127YJOH},07/06/2010 17:27:00,ACM2278,PC-8431,Logoff
logon,{L5J1-O1GT76YA-0841QSFY},07/07/2010 07:31:00,ACM2278,PC-8431,Logon
logon,{B1D8-U2XL08NB-1941GKBR},07/07/2010 12:03:08,ACM2278,PC-8431,Logon
logon,{H6H4-W5QF85WK-5817PBOK},07/07/2010 17:25:00,ACM2278,PC-8431,Logoff
logon,{M1L9-R8TS13KN-4001CLEF},07/08/2010 07:25:00,ACM2278,PC-8431,Logon
logon,{V1M6-O9PJ04GO-1795PRMC},07/08/2010 13:02:47,ACM2278,PC-8431,Logon
logon,{F0J0-N5RW59LP-9952OXUY},07/08/2010 17:36:00,ACM2278,PC-8431,Logoff
logon,{S5G1-I0TD04VO-5131YTRO},07/09/2010 07:33:00,ACM2278,PC-8431,Logon
logon,{M8S8-N8SR58DR-0491OPSJ},07/09/2010 12:10:24,ACM2278,PC-8431,Logon
logon,{A9L2-B3NB10UW-2508SHLJ},07/09/2010 17:25:00,ACM2278,PC-8431,Logoff
logon,{I6Y4-R5FD99JX-4966SVGH},07/12/2010 07:20:00,ACM2278,PC-8431,Logon
logon,{Q1D1-O7HZ90CE-1718IREH},07/12/2010 10:51:44,ACM2278,PC-8431,Logon
logon,{J8A0-F7RF08KO-5981LIZM},07/12/2010 17:25:00,ACM2278,PC-8431,Logoff
logon,{D6C9-R2FN04IE-9253OCNA},07/13/2010 07:32:00,ACM2278,PC-8431,Logon
logon,{G4G0-E8PX36OX-3167AFYX},07/13/2010 12:03:48,ACM2278,PC-8431,Logon
logon,{W5A3-E2SC81AZ-3582SMNW},07/13/2010 17:29:00,ACM2278,PC-8431,Logoff
logon,{U5T7-M3HM61ZK-6261PUKP},07/14/2010 07:34:00,ACM2278,PC-8431,Logon
logon,{H5B3-M5SS21VT-0304DMZY},07/14/2010 11:35:22,ACM2278,PC-8431,Logon
logon,{X3W2-Z6XE56AQ-3270RTCO},07/14/2010 17:25:00,ACM2278,PC-8431,Logoff
logon,{V9W6-K8QA03RB-5047TRSA},07/15/2010 07:35:00,ACM2278,PC-8431,Logon
logon,{W8M6-J9BU52PX-0925IPVW},07/15/2010 13:14:07,ACM2278,PC-8431,Logon
logon,{J6M6-V7EV18RE-4853MNOP},07/15/2010 17:40:00,ACM2278,PC-8431,Logoff
logon,{E8R3-N5JH51RG-7427UDIQ},07/16/2010 07:27:00,ACM2278,PC-8431,Logon
logon,{K0J4-W0OL05IF-7674OHZJ},07/16/2010 17:28:00,ACM2278,PC-8431,Logoff
logon,{W1J2-Z8CF40GV-3711MZXB},07/19/2010 07:34:00,ACM2278,PC-8431,Logon
logon,{I0M3-D7CD10WW-6386UXOB},07/19/2010 12:26:27,ACM2278,PC-8431,Logon
logon,{P9V9-W0GD47AL-2710QFXM},07/19/2010 17:30:00,ACM2278,PC-8431,Logoff
logon,{T7S3-D9WD27RS-4182CKRE},07/20/2010 07:33:00,ACM2278,PC-8431,Logon
logon,{D1V0-X1FS14XV-5711FLFB},07/20/2010 11:09:43,ACM2278,PC-8431,Logon
logon,{L7D0-A2MB66ZO-0795VBFC},07/20/2010 17:40:00,ACM2278,PC-8431,Logoff
logon,{O3Y2-T1NZ01QJ-8490FFFP},07/21/2010 07:17:00,ACM2278,PC-8431,Logon
logon,{D9Y6-U9IU64CP-5312XPRQ},07/21/2010 12:33:00,ACM2278,PC-8431,Logon
logon,{V9S1-N3ZG07DN-7119GGKH},07/21/2010 17:33:00,ACM2278,PC-8431,Logoff
logon,{L7T9-C3HH45GZ-0819CHSZ},07/22/2010 07:23:00,ACM2278,PC-8431,Logon
logon,{V7H8-M3HL47DL-8248YCJH},07/22/2010 11:54:12,ACM2278,PC-8431,Logon
logon,{M7A8-Q0HK59CD-7271NXLR},07/22/2010 17:35:00,ACM2278,PC-8431,Logoff
logon,{M5A4-Q4JW59XC-0876LNEU},07/23/2010 07:32:00,ACM2278,PC-8431,Logon
logon,{K0K6-V9AU99ZM-9010SDAT},07/23/2010 12:04:12,ACM2278,PC-8431,Logon
logon,{C5C8-M8BQ86AJ-3290ESFQ},07/23/2010 17:39:00,ACM2278,PC-8431,Logoff
logon,{H6X8-D0AV02IZ-1764UBYM},07/26/2010 07:30:00,ACM2278,PC-8431,Logon
logon,{S4E7-R8SV77NT-8059TRER},07/26/2010 13:01:28,ACM2278,PC-8431,Logon
logon,{G8C2-I0CY16UF-0263LYSR},07/26/2010 17:29:00,ACM2278,PC-8431,Logoff
logon,{J8J3-N0RT49DW-6205EFLE},07/27/2010 07:31:00,ACM2278,PC-8431,Logon
logon,{Z9T1-O5KX01YO-4913KTHC},07/27/2010 11:20:27,ACM2278,PC-8431,Logon
logon,{S9E8-L9MY15DE-9904WHAG},07/27/2010 17:25:00,ACM2278,PC-8431,Logoff
logon,{N3K3-M5KL47VQ-7901NJNP},07/28/2010 07:31:00,ACM2278,PC-8431,Logon
logon,{I0L6-R9GY45CL-5206GFMF},07/28/2010 12:33:12,ACM2278,PC-8431,Logon
logon,{O5H5-H0FR69TP-8159MROB},07/28/2010 17:29:00,ACM2278,PC-8431,Logoff
logon,{U1O6-G7UU39IM-5917VSVR},07/29/2010 07:18:00,ACM2278,PC-8431,Logon
logon,{T9C4-T5MZ96NN-4164UJYA},07/29/2010 17:42:00,ACM2278,PC-8431,Logoff
logon,{G1C1-E1SR42MH-6145MLZF},07/30/2010 07:31:00,ACM2278,PC-8431,Logon
logon,{P6Z8-U6NS37EY-2264IQLU},07/30/2010 12:47:19,ACM2278,PC-8431,Logon
logon,{I6B6-G9WX75BD-6429MYIE},07/30/2010 17:29:00,ACM2278,PC-8431,Logoff
logon,{Z4J1-F7AO09HQ-5665QDSQ},08/02/2010 07:34:00,ACM2278,PC-8431,Logon
logon,{R7V8-X5EG44RX-2788QACQ},08/02/2010 17:39:00,ACM2278,PC-8431,Logoff
logon,{I3W1-Q3MZ84FC-0908FEUG},08/03/2010 07:32:00,ACM2278,PC-8431,Logon
logon,{O0M2-F2YL20SQ-0773RRMD},08/03/2010 11:53:37,ACM2278,PC-8431,Logon
logon,{D7H7-T0TR47LT-8719JSMD},08/03/2010 17:30:00,ACM2278,PC-8431,Logoff
logon,{N6C0-K3MM19UK-7492TGIH},08/04/2010 07:15:00,ACM2278,PC-8431,Logon
logon,{K8H2-Y1BB59AB-2212GQSU},08/04/2010 17:31:00,ACM2278,PC-8431,Logoff
logon,{S8P3-G1OP47SP-8808QTKZ},08/05/2010 07:32:00,ACM2278,PC-8431,Logon
logon,{S0E2-Z7WE59YU-8764XADE},08/05/2010 10:10:14,ACM2278,PC-8431,Logon
logon,{W7U8-W3VK48BF-2071ZUXL},08/05/2010 17:39:00,ACM2278,PC-8431,Logoff
logon,{I3D7-R6DS95IL-4019SMQZ},08/06/2010 07:32:00,ACM2278,PC-8431,Logon
logon,{S4J2-M6IV25IZ-0744BAWT},08/06/2010 11:27:17,ACM2278,PC-8431,Logon
logon,{G1K2-L9GB34FI-6277YFKU},08/06/2010 17:28:00,ACM2278,PC-8431,Logoff
logon,{I1X5-J4EB19CZ-1623NYRR},08/09/2010 07:25:00,ACM2278,PC-8431,Logon
logon,{P0R2-C8IE25VN-8201NFJE},08/09/2010 12:09:10,ACM2278,PC-8431,Logon
logon,{U7X2-H5CE16VR-0002RWEL},08/09/2010 17:32:00,ACM2278,PC-8431,Logoff
logon,{F5X8-G1LD57KM-4861QRYF},08/10/2010 07:30:00,ACM2278,PC-8431,Logon
logon,{Z2S3-J4OW57YQ-6018WKKX},08/10/2010 11:13:56,ACM2278,PC-8431,Logon
logon,{D0Y5-J3XU35MB-4717CDXL},08/10/2010 17:33:00,ACM2278,PC-8431,Logoff
logon,{A4A2-B4FM87CV-4977WTGV},08/11/2010 07:35:00,ACM2278,PC-8431,Logon
logon,{V5L9-R6RL63YG-5311VVLA},08/11/2010 13:14:47,ACM2278,PC-8431,Logon
logon,{S6A3-I5EU37VH-4264JOSV},08/11/2010 17:42:00,ACM2278,PC-8431,Logoff
logon,{E4H4-X0VL39GM-4154XFRV},08/12/2010 07:24:00,ACM2278,PC-8431,Logon
logon,{D3H3-E1DM39EZ-0180WGDF},08/12/2010 17:35:00,ACM2278,PC-8431,Logoff
logon,{Q6W2-G8WW85CX-5100QNDW},08/13/2010 01:07:05,ACM2278,PC-8431,Logon
logon,{D9P7-W4DF09SE-0804EGSI},08/13/2010 02:35:54,ACM2278,PC-8431,Logoff
logon,{I9Z4-S4EA78LL-3807GHUA},08/13/2010 07:31:00,ACM2278,PC-8431,Logon
logon,{J4E4-I9QM37NU-2520GYOE},08/13/2010 11:50:34,ACM2278,PC-8431,Logon
logon,{Z2P2-U9RR58FC-3249PCTX},08/13/2010 17:29:00,ACM2278,PC-8431,Logoff
logon,{X6F6-K1KX36RB-7686QNYP},08/16/2010 07:33:00,ACM2278,PC-8431,Logon
logon,{M8M2-Z4BA38NI-7719WSYN},08/16/2010 12:36:12,ACM2278,PC-8431,Logon
logon,{I3U3-R3UU14BR-3323WZQG},08/16/2010 17:32:00,ACM2278,PC-8431,Logoff
logon,{C9N6-X8ZN11PG-4709GDEO},08/17/2010 07:32:00,ACM2278,PC-8431,Logon
logon,{T1C3-B9YM27VB-1024EZOH},08/17/2010 13:13:20,ACM2278,PC-8431,Logon
logon,{G2H6-C0VR36CY-4641TZCD},08/17/2010 17:25:00,ACM2278,PC-8431,Logoff
logon,{A4R0-I2NZ82OH-6397LZMI},08/18/2010 07:24:00,ACM2278,PC-8431,Logon
logon,{H5B0-E9CR05GZ-2488WDXW},08/18/2010 17:40:00,ACM2278,PC-8431,Logoff
logon,{G3R8-G0BG91SZ-1111ZKPB},08/18/2010 21:47:42,ACM2278,PC-8431,Logon
logon,{C0F6-J3LV50LO-8992SRMS},08/19/2010 06:10:59,ACM2278,PC-8431,Logoff
logon,{L4O8-M5LL69UP-2407UUHE},08/19/2010 07:19:00,ACM2278,PC-8431,Logon
logon,{S8L4-O0BZ06FL-5198SBZG},08/19/2010 17:36:00,ACM2278,PC-8431,Logoff
logon,{F5U1-Q0IP82HD-6409LNVV},08/20/2010 07:18:00,ACM2278,PC-8431,Logon
logon,{V4G8-O3CB61PM-5767XTSD},08/20/2010 13:04:19,ACM2278,PC-8431,Logon
logon,{U6F1-D0RJ47ZW-2215XXEA},08/20/2010 17:29:00,ACM2278,PC-8431,Logoff
logon,{U5E0-G5UU11HS-0710CTLC},08/21/2010 02:20:41,ACM2278,PC-8431,Logon
logon,{D4T7-B9UQ69IA-5814PAZL},08/21/2010 05:19:57,ACM2278,PC-8431,Logoff
logon,{J3K2-U9JG96EL-9107QGUC},08/23/2010 07:30:00,ACM2278,PC-8431,Logon
logon,{O7P5-D4BQ78GR-0443TMSN},08/23/2010 17:35:00,ACM2278,PC-8431,Logoff
logon,{N8G8-A3UJ42OL-2334MCCV},08/24/2010 01:02:58,ACM2278,PC-8431,Logon
logon,{D3U1-X0MN79ZE-0404OETN},08/24/2010 04:20:39,ACM2278,PC-8431,Logoff
logon,{G3S4-D2MM12RS-4389SUMK},08/24/2010 07:32:00,ACM2278,PC-8431,Logon
logon,{W1J7-R5TJ10GZ-6365BVXB},08/24/2010 12:42:31,ACM2278,PC-8431,Logon
logon,{R3S5-L1VH15YY-9666DXYT},08/24/2010 17:27:00,ACM2278,PC-8431,Logoff
logon,{J9A1-S2JH75TP-5481DOHZ},08/25/2010 01:14:11,ACM2278,PC-8431,Logon
logon,{Q0D4-N4UF93NH-4861YZGN},08/25/2010 03:14:03,ACM2278,PC-8431,Logoff
logon,{U7P6-A3AZ96LH-0879RDAS},08/25/2010 07:33:00,ACM2278,PC-8431,Logon
logon,{H5T2-H4TR92KS-4787PVST},08/25/2010 12:19:17,ACM2278,PC-8431,Logon
logon,{T0Y2-R9MB06ZM-5357OIVX},08/25/2010 17:30:00,ACM2278,PC-8431,Logoff
logon,{X4Z5-K9VQ03NH-7325KMVL},08/26/2010 07:32:00,ACM2278,PC-8431,Logon
logon,{Z2D5-J6MX01LD-7626PAXM},08/26/2010 11:23:45,ACM2278,PC-8431,Logon
logon,{W8F2-Y6EX50IM-5571LCKB},08/26/2010 17:29:00,ACM2278,PC-8431,Logoff
logon,{C5Q8-Z8YP49KB-0378KTXH},08/27/2010 07:35:00,ACM2278,PC-8431,Logon
logon,{I2M1-N5EU37VX-8959TEZM},08/27/2010 11:28:22,ACM2278,PC-8431,Logon
logon,{O9B5-O6MP95NJ-7097JVSS},08/27/2010 17:30:00,ACM2278,PC-8431,Logoff
logon,{X3G4-E8IB07ML-3504WILY},08/30/2010 07:32:00,ACM2278,PC-8431,Logon
logon,{E8U2-T9JJ44DM-4904JHTK},08/30/2010 12:41:14,ACM2278,PC-8431,Logon
logon,{H8R7-N1DT06EK-2848ROWY},08/30/2010 17:30:00,ACM2278,PC-8431,Logoff
logon,{G7N5-R5QP92OE-9817LLMY},08/31/2010 07:32:00,ACM2278,PC-8431,Logon
logon,{U8P8-S6UP23FL-6719MAAS},08/31/2010 11:03:09,ACM2278,PC-8431,Logon
logon,{F3T8-J2YF07JK-3691UARN},08/31/2010 17:28:00,ACM2278,PC-8431,Logoff
logon,{C5A3-S3LH66OE-9023QZJY},09/01/2010 07:34:00,ACM2278,PC-8431,Logon
logon,{Z3U5-U4AG40ER-8814LCNB},09/01/2010 13:03:20,ACM2278,PC-8431,Logon
logon,{G5D1-U9FN90KD-1771AZCL},09/01/2010 17:27:00,ACM2278,PC-8431,Logoff
logon,{A3F0-Z9DV34NG-6293ABZB},09/02/2010 07:35:00,ACM2278,PC-8431,Logon
logon,{M7J6-T1UR20UK-2384VWAP},09/02/2010 17:28:00,ACM2278,PC-8431,Logoff
logon,{J6S1-R0WG50LO-4507BANE},09/03/2010 07:35:00,ACM2278,PC-8431,Logon
logon,{K9M9-V4CS58BE-6125ARKX},09/03/2010 13:07:17,ACM2278,PC-8431,Logon
logon,{I5M4-K8OD04LJ-8466QRDD},09/03/2010 17:28:00,ACM2278,PC-8431,Logoff
logon,{B3I7-E0LZ66DB-7317XGSN},09/07/2010 07:31:00,ACM2278,PC-8431,Logon
logon,{C1L0-K5FH16GW-5364ZOYZ},09/07/2010 17:34:00,ACM2278,PC-8431,Logoff
logon,{M2F6-Z0RX88VX-8211MNTR},09/08/2010 07:33:00,ACM2278,PC-8431,Logon
logon,{Z7M5-U1KE28DF-9021XLDT},09/08/2010 12:38:20,ACM2278,PC-8431,Logon
logon,{A7X9-O0DH93ZP-7109KTMN},09/08/2010 17:26:00,ACM2278,PC-8431,Logoff
logon,{F6R4-T7PX18RA-5716SEQV},09/09/2010 07:21:00,ACM2278,PC-8431,Logon
logon,{R0T3-M3IC26KV-0642QNLA},09/09/2010 11:53:11,ACM2278,PC-8431,Logon
logon,{D7X6-S9VP27CO-6242FOUA},09/09/2010 17:28:00,ACM2278,PC-8431,Logoff
